location_name,floor,location_detail,total_amount,repair_count
T.O.P,G/F,總電掣房 (近L7 Lift),3749.08,466
彌敦道700號辦公大樓,7樓,暢通易達洗手間,22000.0,279
T.O.P,MTR/F,走廊,12318.36,275
T.O.P,G/F,西洋菜南街外圍,2200.0,242
T.O.P,B/F,隔油缸房A (近水簾泵房),101970.98,182
T.O.P,4/F,走廊,961.95,182
長發廣場,G/F,女洗手間 (130號舖側),60361.39,81
長發廣場,2/F,女洗手間 (231B號舖側),10400.0,80
元州商場,G/F,商場大堂(G16至G20),9521.0,75
彩園廣場,3/F,中庭,7413.68,74
元州商場,1/F,公眾走廊,9750.0,73
愛民廣場,1/F,男洗手間(6號廁),10740.0,70
T.O.P,B/F,女洗手間,516.62,69
T.O.P,3/F,女洗手間,12610.0,66
T.O.P,3/F,走廊,15157.43,64
頌安商場,1/F,走廊,27816.22,59
T.O.P,2/F,走廊,8300.0,56
何文田廣場,G/F,升降機大堂(L1),1060.0,56
T.O.P,1/F,走廊,4136.6,55
樂富廣場A區,1/F,美食坊,26920.0,52
愛民廣場,G/F,正門,7939.24,51
元州商場,1/F,男廁,504.0,50
TKO Gateway商場西翼,1/F,男廁no.1,83611.08,50
彩園廣場,3/F,走廊,11378.58,49
長發廣場,3/F,商場走廊,8154.84,48
TKO Gateway商場東翼,1/F,女廁,4092.7,48
T.O.P,2/F,女洗手間,13517.93,46
TKO Gateway商場東翼,1/F,走廊(商場),9535.0,44
天瑞商場,1/F,女洗手間,17940.0,43
TKO Gateway商場東翼,1/F,男廁,2310.0,42
大興街市,G/F,走廊,18746.0,41
長發廣場,G/F,戶外範圍,2200.0,40
Po Lam Shopping Centre商場一期,2/F,女廁,35711.98,37
T Town商場北,1/F,男廁,5173.23,37
TKO Spot商場,1/F,女廁,10387.36,35
TQS辦公大樓1座,21樓,辦公室租戶,1498.35,35
小西灣廣場,1/F,女洗手間,6000.0,34
彩園廣場,G/F,出入口(自動玻璃門),35341.97,34
長發廣場,2/F,中庭,480.0,33
樂富廣場A區,3/F,走廊,28138.7,33
T.O.P,2/F,保安室,226976.08,33
長發廣場,G/F,出入口 (136-137號舖側往街市),4927.97,30
TKO Gateway商場西翼,1/F,女廁no.1,10821.15,30
大興商場1期,1/F,走廊,72881.75,30
Po Lam Shopping Centre商場二期,3/F,男廁,17635.03,29
TKO Gateway商場西翼,1/F,走廊(商場),18295.24,29
朗屏商場,1/F,女廁,24985.0,28
彩雲商場二期,R/F,公共區域,45280.36,26
彩雲商場老人院,R/F,戶外範圍,2090.0,26
小西灣廣場,3/F,女洗手間,7253.0,26
彌敦道700號辦公大樓,20樓,走廊,2205.0,26
建生商場,1/F,男廁,11962.0,26
長發廣場,G/F,食堂,5770.0,26
赤柱廣場,1/F,公共區域走廊,13191.24,25
天盛商場,G/F,上落貨區,30561.8,25
美利樓,G/F,公共區域走廊,2200.0,25
T Town商場北,1/F,女廁,16871.05,25
TKO Gateway商場西翼,1/F,女廁no.2,18424.0,24
慈雲山中心,5/F,男廁(540舖側),4400.0,24
天澤街市,G/F,男廁,15471.55,24
TKO Gateway商場西翼,1/F,男廁no.2,2485.0,23
彩明商場一期,3/F,女廁廁格,13400.0,23
Po Lam Shopping Centre商場一期,3/F,女廁,8462.43,23
天耀廣場,G/F,女廁,65539.1,22
慈雲山中心,6/F,商場走廊(621至639號舖對出),36033.35,22
TKO Spot商場,1/F,男廁,17628.87,22
啟田商場舊翼,4/F,通道(商場),7202.36,22
建生商場,2/F,走廊,6161.88,22
T Town商場南,G/F,上落貨區,39060.0,22
TKO Spot商場,2/F,男廁,24144.3,21
慈雲山中心,5/F,中庭 (近SH504&516號舖),16168.58,21
大興商場1期,G/F,走廊,36723.04,21
Po Lam Shopping Centre商場一期,G/F,女廁,3710.0,21
何文田廣場,2/F,暢通易達洗手間((1),1875.0,21
天瑞商場,1/F,總冷氣機房,129733.24,20
天澤商場,G/F,上落貨區,16580.58,20
天耀廣場,LG2/F,保安控制室,5302.53,20
朗屏商場鏡屏樓,M/F,戶外範圍,15056.88,20
建生商場,G/F,走廊,2070.64,20
TKO Gateway街市,G/F,出入口(保安室),2100.0,20
樂富廣場B區,G/F,咸水泵房,45142.01,20
彩雲商場三期,G/F,走廊,18132.38,20
鳳德商場,2/F,走廊,725.34,19
彩雲商場三期,2/F,走廊,22671.54,19
長發廣場,G/F,顧客服務台,1801.16,19
慈雲山中心,5/F,商場走廊(505至510號舖對出),5100.0,19
樂富廣場A區,2/F,走廊,6944.88,18
長發廣場,3/F,遊樂場,13400.0,18
慈雲山中心,3/F,女廁,2200.0,18
天耀廣場,1/F,男廁,16840.31,18
富善商場,G/F,外圍,30500.24,18
南昌薈商場,G/F,男廁,16690.0,18
平田商場,G/F,商場男廁,21352.3,18
T Town商場北,G/F,男廁,4300.0,18
愛東商埸,G/F,公共區域全層,2550.0,18
TKO Spot商場,G/F,出入口(往唐明街),6409.85,18
慈雲山中心,5/F,戶外設施(歷奇樂園),66600.0,17
TKO Gateway商場西翼,G/F,閉路電視房,13153.8,17
TKO Spot街市,G/F,走廊(M101至116),12205.0,17
天瑞商場,1/F,男洗手間,2800.0,17
TQS辦公大樓2座,12樓,女洗手間,76420.51,17
TKO Gateway商場東翼,1/F,戶外遊樂設施,12873.24,17
Po Lam Shopping Centre商場一期,G/F,男廁,4050.0,17
天盛街市,G/F,立食街,15470.75,17
T Town南車場,3/F,保安控制室,16823.18,17
T Town商場北,2/F,儲物室 1號(ST3),75549.0,17
何文田廣場,2/F,女洗手間,10506.4,17
何文田街市,G/F,正門入口(近S1),1350.0,17
TKO Gateway街市,G/F,走廊(4號),16217.0,17
建生商場,1/F,女廁,8664.0,17
TKO Gateway商場東翼,G/F,出入口(往巴士站),9410.0,16
慈雲山中心,4/F,保安控制室,50622.68,16
赤柱廣場,1/F,新女廁(近115舖),4520.79,16
黃大仙中心南館,G/F,G10A-B旁防護門廊,1994.06,16
元州商場,G/F,商場大堂(G01及G02旁),6768.68,16
TKO Gateway街市,G/F,走廊(3號),1515.0,16
何文田廣場,3/F,升降機大堂(L2),3000.0,16
長發廣場,3/F,遊樂場出入口 (近3/F正門),9840.0,15
Po Lam Shopping Centre商場一期,G/F,行人通道(商場內),2460.0,15
天澤商場,R/F,冷氣機房,79793.76,15
愛東商場,G/F,男洗手間,6923.44,15
何文田廣場,2/F,男洗手間,9371.75,15
T Town商場南,G/F,東大堂,27916.0,15
彩明商場二期,G/F,(商場層)行人通道(236-239舖),1460.0,15
TKO Gateway商場西翼,1/F,走廊(購物橋臨時展銷位),89600.0,15
彩雲商場二期,3/F,男廁1,3600.0,15
赤柱廣場,G/F,女廁,10250.0,15
樂富廣場A區,2/F,後巷,10766.44,14
愛東商埸,G/F,外圍向的士站(東門),6970.89,14
鳳德街市,G/F,出入口(近S04),10593.0,14
天耀廣場,1/F,後巷 (L111號舖側),2800.0,14
T.O.P,B/F,暢通易達洗手間,37200.0,14
天耀廣場,1/F,儲物室,85457.8,14
朗屏商場,1/F,顧客服務台,4050.0,14
TKO Gateway街市,G/F,上落貨區,2831.0,14
海富商場,G/F,走廊(新通道),11659.0,14
禾輋廣場D區,2/F,出入口 (往泰和樓),6372.54,14
長發廣場,2/F,走廊 (209號舖側),7210.25,14
T Town商場南,1/F,女廁 (商戶廁),20804.07,14
T Town商場南,1/F,出入口(D14D15天華橋近S117A),366.65,14
TKO Spot街市,G/F,走廊(M403A至415),1690.0,14
曉麗商場,2/F,218舖側通道,15417.47,14
鯉魚門廣場,2/F,201-202號舖對出通道,67368.26,14
小西灣廣場,5/F,冷氣機房,39491.82,13
赤柱廣場,G/F,公共區域全層,50067.65,13
何文田街市,G/F,,33004.0,13
黃大仙中心南館,LG/F,港鐵站D3出口,10728.0,13
天耀廣場,G/F,後巷 (L042號舖側),63615.22,13
朗屏商場,2/F,走廊(L207),120983.61,13
TKO Spot商場,1/F,閉路電視房,7071.24,13
樂富廣場B區,3/F,走廊,12292.68,13
頌安商場,R/F,頌安商場辦事處,43690.5,13
TKO Gateway商場西翼,G/F,出入口(往頌明苑),12101.94,13
平田商場,G/F,商場女廁,930.0,13
赤柱廣場,1/F,公共區域全層,3600.0,13
彩雲商場二期,2/F,女廁,3600.0,13
彩明商場二期,G/F,(商場層)出入口(都會駅),6250.0,13
彌敦道700號辦公大樓,7樓,走廊,3718.0,13
彩園廣場,G/F,戶外範圍,2200.0,13
大元街市,G/F,後巷上落貨區,31003.37,13
慈雲山中心,3/F,男廁,15600.0,12
鳳德商場,3/F,管理處,3383.0,12
TKO Gateway商場西翼,1/F,女廁no.3,4020.0,12
鳳德街市,G/F,女廁,4004.0,12
富泰商場,G/F,大堂,7000.0,12
利業樓,3/F,女廁,9360.0,12
美利樓,G/F,女廁,3750.0,12
祥華商場,G/F,總電房,2155.0,12
鯉魚門廣場,2/F,冷卻器房,110913.23,12
賢麗商場,G/F,女廁,5117.38,12
樂富廣場,4/F,管理處,3705.0,12
長發廣場,G/F,正門出入口 (近108號舖),216727.02,12
TKO Spot商場,2/F,女廁,682.0,12
朗屏商場,G/F,升降機大堂(客用升降機L25&L26),9016.39,12
樂富廣場A區,UG2/F,(樂富園)男廁,21124.8,12
沙角商場地下近ST,5樓,梯垃圾房,32992.12,12
赤柱廣場,6/F,水泵房,104577.0,12
彩雲商場二期,3/F,保安控制室,16067.65,12
慈雲山中心,1/F,上落貨區,19927.64,12
環翠商場1期,1樓,男廁,336.02,12
彌敦道700號辦公大樓,19樓,暢通易達洗手間,29000.0,11
彩雲商場三期,3/F,走廊,5063.19,11
長發廣場,R/F,天台公眾地方,79655.15,11
彩明商場二期,G/F,(商場層)行人通道(266-270舖),395.0,11
樂富廣場A區,UG2/F,出入口,9670.95,11
TKO Gateway商場西翼,G/F,走廊(後欄),1400.0,11
元州商場,1/F,管理處,8540.0,11
何文田街市,G/F,女洗手間,1897.75,11
鳳德商場,G/F,後巷,28300.0,11
慈雲山中心,7/F,戶外範圍(平台公園),4850.0,11
彩明商場二期,G/F,(商場層)傷健廁1,1500.0,11
愛民廣場,G/F,冷氣機房 G-1,44001.9,11
天瑞商場,G/F,控制室,16121.0,11
愛民廣場,G/F,傷健廁4號 (升降機大堂),2250.0,11
富東街市,G/F,出入口(近M1),7279.23,11
天澤商場,G/F,儲物室,96513.0,11
富善商場,1/F,走廊,4880.0,11
富東廣場,1/F,出入口 (往東薈城),18870.0,11
富泰商場,G/F,卸貨台,4727.71,11
T Town商場北,G/F,出入口(D5D6自動門)近NG14),11022.19,11
T Town商場北,G/F,女廁,1143.21,11
黃大仙中心南館,G/F,保安室對出,8198.97,10
大興商場1期,R/F,走廊,7616.7,10
彩明商場一期,G/F,行人通道,9875.0,10
Po Lam Shopping Centre商場二期,G/F,垃圾房,54662.84,10
天瑞商場,R/F,士多房,37579.0,10
彩園廣場,G/F,消防控制室(落貨區),11624.55,10
樂富廣場A區,1/F,元氣壽司側,4352.01,10
TKO Gateway街市,G/F,女廁,1764.0,10
TKO Spot商場,3/F,中庭,12648.12,10
TKO Spot商場,1/F,男廁廁格,1680.0,10
慈雲山中心,3/F,2號銷售車,14896.67,10
天澤商場,3/F,312號舖側消防喉轆,6139.96,10
慈雲山中心,4/F,男廁,15300.0,10
彩明商場二期,G/F,(商場層)行人通道(廁所通道),1175.0,10
慈雲山中心,2/F,上落貨區,10450.0,10
天澤商場,G/F,出入口(近巴士站),19620.0,10
秀茂坪商場,G/F,升降機L2及L3大堂,10740.0,10
TKO Spot商場,G/F,出入口(往巴士總站),6048.08,10
彩雲商場二期,3/F,男廁2,3856.32,10
T Town商場南,1/F,電子顯示屏/商場指南 (近S110舗),4782.06,10
T Town商場南,R/F,冷氣泵房,56563.35,10
樂富廣場A區,UG2/F,走廊,4470.96,9
T Town商場南,G/F,西大堂,12384.15,9
朗屏商場石屏樓,M/F,傷健廁,1446.0,9
鯉魚門廣場,G/F,消防控制室,2048.22,9
天澤商場,G/F,出入口(近觀光升降機),530.94,9
彩明商場一期,3/F,行人通道(301-305舖),22780.65,9
彩明商場一期,3/F,男廁,4400.0,9
彩明商場一期,G/F,正門出入口,58321.79,9
天澤商場,2/F,保安控制室,9562.42,9
樂富廣場B區,1/F,走廊,3508.45,9
彩明商場二期,4/F,(花園)升降機大堂(L4),880.0,9
TKO Gateway商場東翼,2/F,女廁,4211.0,9
沙角商場,1樓,走廊,10566.41,9
小西灣廣場,1/F,垃圾房,5000.0,9
天耀廣場,LG1/F,商場走廊(LG07至LG11號舖對出),10755.04,9
大元商場新翼,G/F,S1對出空地,15289.0,9
長發廣場,3/F,出入口 (319A號後門),9777.77,9
彩園廣場,4/F,中庭,4880.0,9
天耀廣場,R/F,冷凍機房,142179.33,9
大興酒廈,G/F,走廊,5255.37,9
樂富廣場,4/F,保安室,4399.2,9
天盛商場,R/F,冷凍機房,71514.24,9
T.O.P,5/F,暢通易達洗手間,16000.0,9
富善商場,2/F,走廊,6000.0,9
彩明商場一期,1/F,彩明橋出入口,6400.0,8
TQS商場2座,1樓,商場租戶,115773.28,8
彩園廣場,R/F,戶外範圍,1722.98,8
何文田廣場,1/F,11號升降機走廊角位,5383.96,8
鯉魚門廣場,2/F,散熱器房,1900.0,8
頌安商場,G/F,出入口 (近服務台),2600.0,8
彩明商場一期,G/F,保安控制室,21569.0,8
Po Lam Shopping Centre商場一期,3/F,男廁,680.0,8
彌敦道700號辦公大樓,8樓,暢通易達洗手間,8338.19,8
愛民廣場,G/F,消防控制室,1525.34,8
彩明商場一期,2/F,冷氣控制室1-1,155271.39,8
慈雲山中心,6/F,中庭 (近SH601-653號舖),90511.6,8
大興商場2期,G/F,走廊,6722.0,8
富泰商場,G/F,顧客服務台,9394.4,8
TKO Spot商場,G/F,出入口(往12生肖),8080.0,8
彩雲街市,G/F,近女廁出入口,16304.16,8
平田商場,2/F,走廊,29199.29,8
鳳德商場,2/F,2號女廁 (228舖側走廊內),17758.0,8
天澤商場,2/F,208號舖側消防喉轆,15830.49,8
樂富廣場A區,4/F,天台,8124.48,8
樂富廣場A區,4/F,冷氣控制室 / 機房(Plant A),20464.0,8
慈雲山中心,3/F,商場走廊(304A至311號舖對出),58862.09,8
彩明商場二期,G/F,(商場層)行人通道(250-252舖),4850.0,8
利業樓,3/F,男廁,3380.0,8
天澤商場,G/F,11號舖側,12919.88,8
T Town商場南,R/F,(籃球場),4007.14,8
海富商場,2/F,冷氣機房,14814.91,8
小西灣廣場,4/F,商場走廊,16875.0,8
富泰商場,4/F,,155151.64,7
天盛商場,G/F,戶外範圍 (L002至L004A號舖對出),83841.04,7
天盛商場,1/F,儲物室 (近育嬰室),29199.0,7
T Town南車場,3/F,商場管理處,4947.98,7
天宏停車場P1,G/F,1號樓梯,21580.54,7
TKO Spot商場,1/F,中庭,1980.0,7
樂富廣場B區,UG2/F,男廁,8385.66,7
TKO Gateway停車場(西翼),G/F,出入口閘機,42152.38,7
朗屏商場,2/F,走廊(近L202),12160.5,7
富泰商場,G/F,出入口(近展銷場地),7583.0,7
TKO Gateway街市,G/F,走廊(1號),7700.0,7
富亨商場,G/F,總電房(上落貨區入口側),13189.72,7
TKO Gateway街市,G/F,出入口,52454.39,7
T.O.P,MTR/F,後巷,16676.38,7
慈雲山中心,4/F,傷健廁,14844.59,7
啟田商場舊翼,1/F,暢通易達洗手間(公眾),4332.6,7
南昌薈商場,G/F,出入口(2號玻璃門),7546.58,7
彩明商場一期,G/F,自動門出入口,1440.0,7
黃大仙中心南館,G/F,上落貨區,14194.79,7
慈雲山中心,1/F,總電制房1號,86884.42,7
朗屏商場,1/F,走廊(近L113),2802.8,7
天澤商場,R/F,戶外設施(籃球場),931.76,7
TKO Gateway商場東翼,3/F,冷氣控制室,10658.6,7
彩明商場二期,G/F,(商場層)出入口(271-272舖對面),2400.0,7
TKO Spot街市,G/F,出入口(近M310),1346.0,7
TKO Spot街市,G/F,出入口(近M114),1800.0,7
長發廣場,3/F,垃圾房 (C4升降機對出),3599.75,7
小西灣廣場,1/F,出入口 (天橋),18225.0,7
T Town商場北,G/F,公共區域醫生村,2600.0,7
何文田廣場,3/F,暢通易達洗手間(2),1875.0,7
慈雲山中心,8/F,冷氣控制室,11342.5,7
賢麗商場,G/F,後巷,3300.0,7
TKO Gateway商場西翼,1/F,傷健廁no.1,500.0,7
天耀廣場,G/F,後巷 (由風櫃房2-2號至L048-50號舖),10254.72,7
慈雲山中心,3/F,商場走廊(314至319號舖對出),2250.0,7
天慈商場,G/F,儲物室,31347.0,7
設備樓,2/F,空調機房,108177.53,7
大元商場新翼,G/F,後巷,47408.25,6
大興 街市,G/F,走廊,14306.02,6
富泰商場,1/F,出入口(近停車場),26469.28,6
天瑞商場,G/F,時光隧道,7020.82,6
天慈商場,G/F,男廁(商戶廁),2800.0,6
樂富廣場A區,1/F,走廊,3763.75,6
樂富廣場A區,2/F,(煤氣)女廁,7436.0,6
朗屏商場,G/F,巴士站外圍(近ST6),28000.0,6
廣福商場,2/F,男廁,5851.44,6
南昌薈商場,P/F,發電機房,10131.63,6
彌敦道700號辦公大樓,6樓,育嬰室,1000.0,6
小西灣廣場,5/F,冷凍水泵房,5116.2,6
啟田商場舊翼,4/F,冷水泵房 (近B電房側),3660.0,6
頌安商場,G/F,消防控制室,12163.71,6
富泰商場,G/F,出入口(近6號舖),20307.32,6
TKO Spot商場,2/F,行人天橋1,35898.05,6
TKO Spot商場,1/F,走廊(117至123號舖對出),7081.02,6
TQS辦公大樓1座,8樓,男洗手間,8124.98,6
TKO Spot商場,1/F,走廊(106至111號舖對出),8335.58,6
慈雲山中心,2/F,管理處,1466.4,6
黃大仙中心南館,G/F,保安室,10897.51,6
TKO Spot商場,2/F,走廊(222至228號舖對出),2493.3,6
彩園廣場,R/F,冷氣控制室(天台),42007.06,6
彩園廣場,G/F,外圍(L20落貨區),2200.0,6
恆安商場,G/F,上落貨區 (近恆安商場L57),2200.0,6
彩明商場一期,2/F,男廁,5500.0,6
T Town商場北,G/F,出入口(D7D8街市正自動門),12690.0,6
沙角商場,2樓,近SH245走廊,3298.38,6
黃大仙中心南館,1/F,樓梯(ST3),3107.76,6
慈雲山中心,G/F,出入口(近SH 1-3),6750.0,6
彩園廣場,G/F,保安控制室 (落貨區),1989.4,6
T.O.P,2/F,暢通易達洗手間,116.07,6
TKO Gateway熟食檔,G/F,熟食檔上落貨區,70174.38,6
禾輋廣場D區,2/F,後巷 (惠康側),16084.0,6
TKO Spot商場,2/F,走廊(236至242號舖對出),2441.3,6
鯉魚門廣場,LG/F,垃圾房 (清潔用),3140.76,6
愛民廣場,G/F,升降機大堂,6426.0,6
愛民廣場,1/F,樓梯(ST17),14405.07,6
彩明商場二期,G/F,(商場層)男廁,4400.0,6
Po Lam Shopping Centre商場一期,G/F,中庭(近阿波羅位置),5788.9,6
黃大仙中心南館,UG/F,男洗手間其他設施,1955.1,6
鯉魚門廣場,G/F,出入口通道(近1號舖),6010.0,6
TKO Spot商場,G/F,走廊(6至11號舖對出),10274.23,6
秀茂坪商場,G/F,升降機L8及L9大堂,10740.0,6
TKO Gateway商場東翼,G/F,出入口(往幼稚園),1881.8,6
TKO Spot商場,4/F,冷氣控制室,45905.1,6
TKO Spot商場,4/F,冷水機,29787.93,6
Po Lam Shopping Centre商場二期,3/F,後走廊(IA至1D),5104.02,6
TKO Gateway商場東翼,1/F,走廊(東翼橋頭),31040.18,6
長發廣場,4/F,中庭,61940.0,5
啟田商場舊翼,4/F,通道(後走廊 - 往2號梯方向),11242.43,5
樂富廣場A區,3/F,後巷,3300.0,5
德田廣場,3/F,管理處及控制室,9053.54,5
德田街市,G/F,女廁洗手盆,6105.0,5
小西灣廣場,3/F,遊樂場,4935.1,5
TKO Spot商場,3/F,樓梯(ST13),1800.0,5
南昌薈商場,G/F,上落貨區,15088.42,5
南昌薈商場,1/F,"後巷(F125B,F128側)",3000.0,5
秀茂坪商場,G/F,垃圾房,17950.0,5
利康樓,3/F,女廁,8588.0,5
彩明商場二期,G/F,(商場層)升降機大堂(L4),850.0,5
小西灣廣場,G/F,上落貨區,2200.0,5
樂富廣場A區,4/F,冷氣控制室 / 機房(Plant B),91881.63,5
啟田商場新翼,G/F,電房(新翼Loading bay更亭旁),15237.16,5
鳳德商場,1/F,風櫃房1,2800.0,5
平田商場,G/F,水錶房,2125.5,5
啟田B停車場,1/F,繳費處,1719.42,5
T Town商場北,1/F,育嬰室,3350.0,5
愛民廣場,1/F,通道(F15-F17),11206.2,5
黃大仙中心南館,LG/F,污水泵房,10983.7,5
天瑞商場,R/F,小型足球場,2191.63,5
蝴蝶廣場,R/F,戶外範圍(籃球場區),10699.82,5
T Town商場北,G/F,上落貨區,16849.89,5
祥華商場,G/F,走廊,10204.79,5
天瑞商場,1/F,風櫃房,12488.77,5
黃大仙中心南館,UG/F,樓梯(ST12),2485.23,5
Po Lam Shopping Centre商場一期,G/F,女廁其他設施位置,2616.0,5
愛民廣場,G/F,保安控制室,1966.9,5
天盛商場,R/F,戶外花圃,4146.45,5
東頭邨商場,G/F,公共通道,10268.0,5
天盛街市,G/F,中庭(近正門),4180.0,5
黃大仙中心南館,UG/F,公共區域清潔大做,26632.52,5
愛東商場,G/F,卸貨區,20814.79,5
長發廣場,2/F,風櫃房2B (C4升降機對出),2053.13,5
T.O.P,3/F,顧客服務台,2364.13,5
大興商場1期,1/F,女廁 (惠康後門側),15895.1,5
長發廣場,2/F,走廊 (202號舖側),58964.42,5
朗屏商場,3/F,辦事處,87.74,5
T.O.P,G/F,出入口 (正門G01側),19313.91,5
富東廣場,G/F,上落貨區,15242.28,5
黃大仙中心南館,1/F,醫生邨108舖側,3793.94,5
天澤街市,G/F,保安控制室,19700.0,5
黃大仙中心南館,1/F,樓梯(ST7),5939.0,5
鯉魚門廣場,1/F,108-113號舖對出通道,1395.39,5
彩園A停車場,G/F,繳費處,8429.71,5
鯉魚門廣場,2/F,203-206號舖對出通道,2004.5,5
TQS辦公大樓1座,17樓,客LIFT堂,9944.03,5
何文田廣場,1/F,消防控制室,2267.38,5
祥華商場,3/F,中庭,21516.58,5
彩園廣場,3/F,女廁洗手盆 (商戶廁),3543.43,5
三聖商場,2/F,男廁,13784.0,5
天澤商場,3/F,304F號舖側消防喉轆,553.01,4
慈雲山中心,3/F,"出入口(往巴士總站, 近 SH321)",15395.59,4
頌安商場,G/F,中庭,29376.67,4
T Town商場南,G/F,消防控制室 (南北天橋底),2877.53,4
英明停車場,G/F,出入口閘機,9795.34,4
富泰商場,1/F,中庭,12967.85,4
朗屏商場,G/F,樓梯(近Shop No. 1),28090.0,4
三聖商場,R/F,天台,37765.13,4
三聖商場,G/F,總電掣房 (近權記),17248.0,4
鯉魚門廣場,1/F,126-129號舖對出通道,8853.35,4
海富商場,2/F,風櫃房,2296.61,4
鯉魚門廣場,1/F,119-121B號舖對出通道,1686.21,4
鯉魚門廣場,1/F,104-107號舖對出通道,9767.64,4
大元街市,G/F,走廊(418檔至428檔),22420.54,4
大元街市,G/F,冷氣控制室(泰德樓對出),43617.3,4
T.O.P,MTR/F,咸水泵房,10294.25,4
良景廣場L,3樓,梯(ST7),2100.0,4
大興商場2期,R/F,走廊,36147.96,4
富泰商場,G/F,戶外範圍,19200.64,4
赤柱廣場,3/F,卸貨區,4900.0,4
T Town商場南,G/F,出入口(D1D2自動門近SG01),22881.33,4
樂富Zone B停車場CPC,L/F,車位P25至P40,1049.25,4
富善商場,2/F,升降機大堂(L57),4596.02,4
彩園B停車場,G/F,出入口閘機,13200.0,4
天盛商場,G/F,戶外範圍 (管理處對出至近停車場A閘對出),7800.0,4
海富停車場有蓋車場,G/F,辦事處 (收費亭),1747.65,4
Po Lam商場,3/F,305 號舖位,1410.0,4
赤柱廣場,G/F,兒童遊樂設施,3712.37,4
Po Lam Shopping Centre商場一期,G/F,戶外設施(露天廣場),18750.78,4
赤柱廣場,G/F,育嬰室,9200.0,4
Po Lam Shopping Centre商場一期,4/F,升降機機房L38(C43),15575.07,4
愛民廣場,G/F,電錶房  (G-2),1221152.82,4
T Town商場北,1/F,公共走廊(大直路),6196.55,4
T Town商場南,1/F,風櫃房A號 (ST3),12769.4,4
天瑞內場停車場,1樓,繳費處,3978.8,4
逸東3號停車場,1/F,1號升降機大堂,16526.02,4
沙角商場,2樓,近SH219中庭,4323.08,4
天澤商場,R/F,樓梯(ST8),318.56,4
富東廣場,3/F,冷氣機房,102244.92,4
T Town商場南,2/F,電子顯示屏/商場指南 (近S221舗),2720.74,4
愛東商埸,G/F,外圍向愛善樓(西門),1350.0,4
東頭2邨A停車場CPA,G/F,出入口閘機,9956.19,4
T Town商場北,2/F,升降機大堂 (CCL3),26126.18,4
天瑞商場,R/F,水缸房,6098.82,4
蝴蝶廣場,R/F,水缸房,87505.6,4
大元商場舊翼,2/F,通道,1920.0,4
鳳德A停車場,G/F,車位L1至L6,2708.0,4
翠屏(南)邨,2/F,辦事處,61950.29,4
鯉魚門廣場,1/F,街市風櫃房 (1號樓梯落半層),3224.94,4
耀東商場,2樓,出入口,1350.0,4
和明停車場,G/F,繳費處,1989.4,4
興東商埸,2/F,物業辦公區域,1580.0,4
興東商場,1/F,水錶房105,18889.92,4
小西灣廣場,G/F,風櫃房,36094.41,4
小西灣廣場,G/F,水泵房 (G17),19838.79,4
環翠商場2期,2樓,所有公眾地方,22866.41,4
平田商場,G/F,G4舖外消防喉轆側通道,3680.0,4
鳳德B停車場,G/F,L3升降機,575.0,4
長發廣場,5/F,樓梯 (4號梯),725.34,4
彩明商場二期,G/F,(商場層)垃圾房2-1(大),1910.0,4
彩明商場二期,4/F,(花園)樓梯(ST5),1650.0,4
樂富廣場A區,UG1/F,走廊,2592.28,4
TKO Spot商場,4/F,消防泵房,2472.97,4
彩雲商場三期,2/F,傷健廁1號,3600.0,4
彩明商場二期,LG/F,(巴士站)升降機大堂(L7),2100.0,4
慈雲山中心,5/F,男廁(513-515舖側),8100.0,4
彩明商場二期,LG/F,(巴士站)升降機大堂(L5L6),510.0,4
彩明商場一期,G/F,升降機大堂(L1L2),240.0,4
耀東停車場 (CP2),1/F,出入口 (近B8車位),9900.0,4
耀東停車場 (CP2),1/F,出入口閘機,5500.0,4
美利樓,1/F,公共區域走廊,21130.84,4
長發廣場,3/F,戶外範圍 (海旁天橋),6200.0,4
TKO Gateway商場西翼,G/F,消防控制室,19196.8,4
TKO Gateway熟食檔,G/F,女廁,2200.0,4
大元商場新翼,G/F,保安休息室,1989.4,4
翠屏(北)停車場1號場,1/F,繳費處,14522.78,4
TKO Gateway商場東翼,2/F,走廊(後走廊),4220.0,4
欣明停車場,2/F,車位229至241,9795.34,4
鳳德商場,G/F,總電制房,2155.0,4
小西灣廣場,5/F,公共區域全層,20361.36,4
何文田廣場,1/F,,4746.0,4
大元商場新翼,1/F,女洗手間,15600.0,4
小西灣廣場,4/F,商場平台(近407),9000.0,4
美利樓,2/F,公共區域走廊,3942.45,4
慈雲山中心,5/F,公共區域,21400.0,4
秀茂坪商場,1/F,101-102號舖對出,3220.0,3
富善商場,7/F,消防泵房,6985.95,3
建生商場,G/F,走廊(近121號舖),14742.59,3
良景廣場L,1樓,梯(ST14),23868.47,3
禾輋廣場A區,G/F,防火閘,3140.46,3
彩明商場一期,3/F,樓梯(ST7),1123.0,3
朗屏商場,2/F,男廁,7829.0,3
天耀廣場,R/F,消防花灑水缸及泵房,1176.29,3
彩明商場二期,4/F,(花園)戶外範圍(L8L9對出),395.0,3
彩明商場二期,4/F,(花園)戶外設施(單槓),590.0,3
慈雲山中心,2/F,商場走廊(201至203號舖對出),3280.45,3
慈雲山中心,1/F,後巷(113&108C舖),23577.4,3
慈雲山中心,1/F,展銷場E,19065.67,3
赤柱廣場,6/F,冷凍機裝置房,8809.11,3
彩明商場二期,G/F,(商場層)傷健廁2,1065.0,3
東頭邨旺東樓,G/F,商場管理處,502.59,3
富亨商場,G/F,消防花灑泵房(商場16號舖側),29448.18,3
小西灣廣場,1/F,風櫃房,1511.11,3
東頭邨安東樓,G/F,1號舖對出,29755.98,3
東頭邨商場,G/F,租戶區域,3148.97,3
宏福停車場,G/F,出入口閘機,4400.0,3
慈雲山中心,2/F,後巷 (管理處後門),67943.64,3
廣福商場,2/F,防煙門內(2號梯),34011.22,3
富亨商場,1/F,走廊,148290.34,3
彩雲商場二期,3/F,走廊(後巷近A324),725.34,3
彩園廣場,G/F,保安控制室 (完鐘),1578.42,3
愉翠商場,R/F,冷氣水泵房,9157.6,3
富東廣場,G/F,出入口(往上落貨區),2200.0,3
華荔停車場,G/F,繳費處內,17085.1,3
興華停車場,G/F,出入口閘機,26696.78,3
興華停車場,5/F,私家車車位 516 至 524,2200.0,3
小西灣廣場,G/F,升降機大堂 (L54),13588.46,3
小西灣廣場,G/F,出入口 (近L56),4900.0,3
朗屏商場,4/F,戶外範圍(商場冷氣機房),6204.18,3
彩雲商場二期,3/F,電錶房1,1989.4,3
彩明商場一期,1/F,行人通道(彩明橋),55189.02,3
設備樓,1/F,空調冷凍水泵房,28309.04,3
富善商場,R/F,天台,20667.35,3
彩明商場一期,2/F,行人通道(中庭),4943.83,3
愛民廣場,1/F,傷健廁5A號(近5號廁),1280.0,3
愛東商場,G/F,載貨升降機大堂(L3L4),11917.71,3
富東廣場,1/F,走廊 (SH112街),7247.86,3
朗屏B停車場,UG/F,車位208至209,3154.97,3
彩雲商場二期,2/F,走廊(後巷近L2),725.34,3
彩園廣場,4/F,風櫃房 (ST7梯側),15039.3,3
彩明停車場 (CP2),G/F,CP2更亭(CCTV房),8790.66,3
愛東商場,G/F,污水泵房,30332.72,3
彩雲商場三期,G/F,外牆,19877.06,3
慈雲山中心,5/F,中庭 (近SH501-502號舖),5382.08,3
慈雲山中心,8/F,冷凍機房,44005.0,3
慈雲山中心,2/F,出入口(往安康閣),6400.0,3
T Town商場北,G/F,上落貨區 (NG03-04後門),6394.44,3
Po Lam Shopping Centre商場一期,G/F,傷健廁其他設施位置,1065.0,3
TKO Spot商場,2/F,傷健廁3號,4689.94,3
TKO Spot商場,2/F,升降機大堂(L4L5),1050.0,3
啟田商場舊翼,4/F,戶外制冷機WCC-1,42590.57,3
和明停車場,G/F,出入囗閘機,17221.71,3
長發廣場,G/F,走廊 (SH112號舖側往車場出入口),3951.79,3
長發廣場,R/F,冷氣電掣房 (近5號梯),36858.9,3
唐明停車場,4/F,電錶房1-1,1948.01,3
長發廣場,G/F,大垃圾房,13041.9,3
啟田A停車場,G/F,出入口閘機,7483.04,3
長發廣場,G/F,後備發電機房 (外圍面向俊發樓),5566.48,3
樂富廣場A區,G/F,戶外範圍,9956.19,3
海富商場,G/F,走廊(後欄往卸貨區),24059.05,3
鯉魚門廣場,2/F,平台 (往高超道方向行人天橋蓋頂),8080.0,3
天慈商場,G/F,發電機房,1941.78,3
TKO Gateway商場西翼,G/F,風櫃房(WG1),15024.72,3
TKO Gateway商場東翼,G/F,客運升降機大堂(L4L5),831.0,3
鳳德商場,R/F,冷凍房2號,18572.4,3
大元街市,G/F,走廊(1街113檔至120檔),27985.25,3
TKO SPOT A停車場,G/F,貨車位26至50,11514.75,3
TKO SPOT B停車場,G/F,閘口更亭,4346.08,3
TKO SPOT C停車場,3/F,車位41至60,3265.11,3
大元商場新翼,G/F,升降機大堂,8000.0,3
大元商場新翼,1/F,男洗手間,2294.25,3
樂富廣場A區,3/F,升降機大堂 (CCL1),19614.06,3
大興商場1期,1/F,傷健廁 (惠康後門側),10706.81,3
TKO Gateway街市,G/F,出入口(海天堂),1450.0,3
大興商場2期,G/F,消防控制室,22751.07,3
TKO SPOT A停車場,2/F,車位21至40,6530.22,3
樂富廣場B區,4/F,冷水機房 (Plant C),3626.0,3
樂富廣場B區,4/F,天台,10792.56,3
三聖商場C1,2F,2B 號舖位,767.8,3
順利商場一期,G/F,公共區域走廊,22931.42,3
頌安商場,R/F,冷水機房 (頌安商場),17362.07,3
TQS辦公大樓2座,15樓,1號後梯風櫃房,21114.0,3
元州商場,G/F,設施房,7500.0,3
鯉魚門廣場,2/F,207-208號舖對出通道,704.43,3
鯉魚門廣場,2/F,傷健廁廁格,2200.0,3
南昌薈商場,1/F,傷健廁1號,1840.0,3
T Town商場北,1/F,風櫃房B號 (ST5),6106.38,3
何文田廣場,R/F,冷氣機房,38935.0,3
鯉魚門廣場,1/F,5，6號貨運升降機大堂,1772.06,3
何文田廣場,3/F,風櫃房,1989.4,3
TKO Gateway商場東翼,1/F,顧客服務台,3265.11,3
啟田商場舊翼,4/F,冷氣掣櫃房,18323.6,3
T Town商場北,2/F,風櫃房A號 (N241舖側),39350.85,3
T Town商場南,G/F,風櫃房B號 (卸貨區),10809.4,3
鳳禮停車場,G/F,電錶房,695.0,3
天瑞商場,R/F,天台範圍,66568.64,3
黃大仙中心北館,3/F,商場控制室,18186.96,3
樂富廣場A區,1/F,戶外範圍,2200.0,3
T Town商場南,R/F,冷氣控制室,3962.5,3
TKO Gateway停車場(西翼),2/F,車位A215至A232,31663.34,3
天耀廣場,G/F,戶外範圍(地下水泵房對出),6300.0,3
黃大仙中心北館(龍翔辦公大樓),10/F,冷水機房5至6號,78988.0,3
T Town商場南,G/F,出入口(D7D8近SG26),7308.14,3
天耀廣場,LG1/F,上落貨區,10338.26,3
鳳德街市,G/F,設施房,15910.4,3
T Town商場北,R/F,冷氣泵房,33749.04,3
T Town商場北,R/F,冷氣控制室,7289.8,3
黃大仙中心北館(龍翔辦公大樓),10/F,冷氣泵房,41415.4,3
欣明停車場,G/F,出入口閘機,16632.1,3
T.O.P,2/F,風櫃房 (近洗手間),2290.16,3
彩明停車場 (CP2),R/F,2號升降機大堂,1395.0,2
鯉魚門廣場,1/F,出入口通道 (往高翔苑，高怡邨),3526.0,2
美利樓,G/F,消防控制室,2457.25,2
鯉魚門廣場,1/F,風櫃房 (近101號舖),1395.4,2
彩明商場一期,3/F,女廁,28994.3,2
愛東車場,G/F,升降機,13869.27,2
黃大仙中心北館(龍翔辦公大樓),10/F,冷水機房1至4號,50323.0,2
黃大仙中心南館,1/F,公共區域清潔大做,20200.0,2
彩明商場一期,2/F,傷健廁廁格,4211.0,2
T.O.P,1/F,簷篷(向彌敦道),5500.0,2
彩明商場一期,1/F,電錶房1-7,700.0,2
樂富廣場B區,UG2/F,戶外範圍 (白鴿場),10800.0,2
T Town商場南,1/F,公共區域,13193.53,2
T Town商場北,G/F,低壓電制房1號(巴士站外),2155.0,2
T Town商場南,G/F,上落貨區第一度防煙門側樓梯(ST3),8600.0,2
T Town商場南,G/F,(花槽上落貨區外),13010.47,2
祥華商場,2/F,電制房,2825.3,2
黃大仙中心南館,1/F,風櫃房(4號),10699.15,2
黃大仙中心南館,1/F,風櫃房,13824.75,2
TKO SPOT A停車場,2/F,車位41至60,613.2,2
TKO Gateway停車場(東翼),2/F,車位B228至B252,29430.55,2
TKO SPOT B停車場,1/F,樓梯(ST14),2060.0,2
黃大仙中心北館,1/F,管理處,4423.9,2
鳳德商場,2/F,樓梯(ST2),13740.82,2
鳳德商場,2/F,樓梯(ST1),6813.92,2
海富商場,G/F,消防控制房,20345.28,2
TKO SPOT A停車場,1/F,車路,4045.86,2
TKO Spot商場,1/F,外牆,12618.68,2
TKO SPOT B停車場,2/F,車位101至117,8091.71,2
TKO SPOT B停車場,2/F,車位1至20,766.5,2
彩雲商場二期,2/F,走廊(後巷近L1),28276.62,2
慈雲山中心,3/F,水錶房11號,15069.91,2
TKO Gateway商場東翼,R/F,冷水機,27640.37,2
德田街市,G/F,卸貨區,4913.84,2
海富商場,1/F,戶外範圍(101號舖通道),44914.45,2
TKO Gateway商場,1/F,W127 號舖位,9959.24,2
TKO Gateway商場西翼,2/F,戶外範圍,28502.51,2
鳳德商場,G/F,垃圾房,3500.0,2
TKO Gateway商場東翼,G/F,消防控制室,14887.95,2
鳳德商場,R/F,冷氣控制室,1989.4,2
TKO Gateway商場,G/F,EF23 號舖位,10036.1,2
TKO Gateway商場,1/F,W105 號舖位,20532.98,2
TKO Gateway街市,G/F,316 號檔位,3300.0,2
TKO Gateway商場西翼,G/F,垃圾房,5951.96,2
TKO Gateway商場西翼,G/F,水錶房(WG1),664.79,2
TKO Spot商場,1/F,樓梯(ST8),3878.84,2
黃大仙中心北館,G/F,走廊(G06至G06G號舖對出),22779.59,2
黃大仙中心南館,G/F,污水缸房,2200.0,2
TQS商場1座,2樓,商場走廊(近10-11號舖),1571.51,2
慈雲山中心,5/F,風櫃房16號,3273.67,2
T.O.P,5/F,戶外冷氣機房,87107.8,2
慈雲山中心,5/F,風櫃房15號,4966.33,2
鯉魚門廣場,G/F,1號貨運升降機大堂,18049.84,2
彩明商場一期,G/F,戶外範圍,38730.86,2
彩明商場一期,G/F,外牆,70189.45,2
彩明商場一期,3/F,風櫃房1-11,697.7,2
竹園廣場,1/F,女廁廁格,16565.0,2
TKO Gateway商場東翼,1/F,出入口(往東港城),27500.0,2
TQS商場2座,2樓,公眾位置全層,5176.51,2
慈雲山中心,3/F,商場走廊(311A至313號舖對出),16168.58,2
慈雲山中心,5/F,戶外範圍,5350.0,2
沙角商場,2樓,傷健廁(SH235)其他設施,3084.97,2
T.O.P,G/F,出入口 (快富街自動門),1315.6,2
TKO Spot商場,3/F,電錶房3B,2260.0,2
鯉魚門廣場,R/F,天幕玻璃 (金字塔位),17620.0,2
TKO Spot商場,2/F,育嬰室,26170.64,2
TKO Spot商場,1/F,風櫃房C,8587.42,2
T.O.P,G/F,後巷,4019.94,2
彩雲商場三期,G/F,冷氣機房,16900.0,2
頌安商場,R/F,消防水缸,5874.72,2
樂華商場,4/F,L25升降機機房,11273.07,2
彩雲商場三期,3/F,風櫃房,1334.22,2
彩雲商場三期,3/F,走廊(後巷惠康),6938.53,2
TKO Spot商場,G/F,水泵房,18809.26,2
彩雲A停車場,1/F,車位143至157,9956.19,2
TKO Spot商場,G/F,管理處,3657.51,2
鯉魚門廣場,LG/F,消防花灑泵房,3363.6,2
TKO Spot商場,4/F,水缸,3381.18,2
TKO Spot商場,G/F,上落貨區,2200.0,2
鯉魚門廣場,LG/F,總電掣A房,54608.4,2
天澤商場,1/F,風櫃房(近3梯),14418.25,2
富泰停車場,3/F,導管房,1811.17,2
長發停車場,B/F,出入口 (近B074位斜對面),4950.0,2
富泰商場,1/F,風櫃房(近1/F男廁所),48342.26,2
慈雲山中心,2/F,後巷,725.34,2
朗屏商場,4/F,消防花灑泵房1,10191.09,2
英明停車場,G/F,車位1102至1104,4453.14,2
富東廣場,G/F,緊急發電機房,2081.5,2
天澤商場,G/F,風櫃房,11010.3,2
天澤商場,R/F,後備發電機房,9518.55,2
富東廣場,G/F,戶外行人通道(醫生街),2200.0,2
黃大仙中心南館,UG/F,男洗手間,5400.0,2
天澤商場,R/F,樓梯(ST5),6084.84,2
天澤商場,R/F,消防花灑水缸及泵房,6503.03,2
天澤商場,2/F,管理處,38848.43,2
長安停車場 (一期),G/F,停車場公共區域,19634.14,2
朗屏商場,M/F,,10010.62,2
天澤商場,3/F,風櫃房(近3梯),1039.58,2
富泰商場,2/F,電錶房(近2/F女廁所),860.0,2
朗屏商場,1/F,電制房(近垃圾房),11102.2,2
大元商場新翼,G/F,男洗手間,938.93,2
大元商場新翼,M/F,通道,13206.0,2
小西灣廣場,3/F,L55升降機大堂,725.34,2
啟田商場舊翼,3/F,通道(商場) - 309-314號舖對出,16563.24,2
啟田商場舊翼,4/F,咸水泵/水缸房 (5號貨運升降機對出),11848.95,2
啟田商場舊翼,G/F,垃圾房,20308.4,2
啟田商場舊翼,G/F,戶外範圍 (車場入口側消防喉轆),10352.47,2
小西灣廣場,3/F,公共區域全層,36482.69,2
大興街市,G/F,露天空間,8080.0,2
富泰商場,G/F,隔油池房(近1號舖),18517.79,2
朗屏商場,3/F,走廊(近客升降機大堂L25&L26),24794.93,2
大興酒廈,G/F,升降機大堂,7631.71,2
天佑停車場,G/F,消防控制室,17240.53,2
天宏停車場P1,G/F,出口閘機,10544.14,2
天悅(CPB),2樓,全層,2550.0,2
天悅車場,1/F,儲物室3 (CP35側),7850.03,2
大興商場1期,G/F,郵局後巷,3500.0,2
朗屏商場,1/F,風櫃房1號(近男廁),19080.0,2
寶珮停車場,G/F,總電制房 (近G022號車位）,12147.82,2
Po Lam Shopping Centre商場一期,3/F,防火閘(FSH3),697.7,2
寶珮停車場,G/F,消防泵房 (近G022號車位）,3020.36,2
寶林停車場,G/F,車位P1054至P1072,17071.07,2
朗屏商場,2/F,樓梯(ST1A近L207),6150.3,2
寶林停車場,G/F,停車場辦公區域,13059.24,2
良景停車場,3/F,車位328至330,2571.6,2
黃大仙中心南館,UG/F,樓梯(ST1),10728.0,2
寧峰停車場,LG2/F,升降機、電梯、樓梯,3280.45,2
富東廣場,3/F,戶外範圍(聖公會幼兒學校外),12600.0,2
Lok Fu廣場C1,2F,1117 號舖位,47099.82,2
天盛街市,G/F,二期風櫃房(P01),2672.9,2
天盛街市,G/F,出入口(立食街),36550.0,2
天盛街市,G/F,走廊 (M111至M119號檔),12300.44,2
Lok Fu廣場M1,1F,D043 號檔位,56898.63,2
富善商場,2/F,匡智會後門,11134.22,2
赤柱廣場停車場,2/F,升降機大堂,4400.0,2
Lok Fu廣場C1,2F,2159A 號舖位,14347.66,2
天耀廣場,1/F,冷凍機房,22960.92,2
天耀廣場,R/F,冷氣泵房,157.49,2
樂富UNY停車場CPA,1/F,出入口閘機,11794.0,2
天耀廣場,LG1/F,總電制房1號,3674.72,2
天耀廣場,LG1/F,發電機房,4340.46,2
赤柱廣場,6/F,空調控制室,1989.4,2
天耀廣場,G/F,風櫃房2-6號,2551.92,2
天耀廣場,1/F,戶外範圍(網球場外圍),1107.74,2
黃大仙中心南館停車場CPA,1/F,繳費處,1747.65,2
慈雲山中心,1/F,消防花灑控制室1號,5670.51,2
黃大仙中心南館停車場CPA,4/F,1號升降機,28110.84,2
Lok Fu廣場M1,1F,D047 號檔位,13964.2,2
富東A停車場,G/F,停車場辦公區域,4581.68,2
天瑞商場,G/F,垃圾房,10412.29,2
蝴蝶廣場,R/F,遊樂及休憩設施,5089.18,2
逸東2號停車場,G/F,(卸貨區)貨車車位,14810.16,2
設備樓,1/F,空調控制房,2136.7,2
富善街市,G/F,電制房(近垃圾房),9200.71,2
天瑞商場,G/F,水錶房(2梯),15429.96,2
蝴蝶停車場,G/F,一號樓梯,27379.22,2
天瑞商場,G/F,總電制房(近G15),3615.0,2
天盛停車場,7/F,私家車車位7169-7174,1146.38,2
東頭2邨A停車場CPA,G/F,車位P154至P165,10948.15,2
富善商場,5/F,天台,26532.92,2
天盛停車場,7/F,私家車車位7010-7014,6719.73,2
賢麗商場,G/F,公共區域戶外花圃,35700.0,2
富善街市,G/F,出入口(近91號檔),15203.93,2
富善街市,G/F,上落貨區,2200.0,2
富善熟食檔,1/F,公共區域走廊(CF1-4),6264.79,2
富善商場,G/F,總電制房 (近K17巴士站),10980.0,2
何文田廣場,1/F,11號升降機側,36978.45,2
翠屏(北)停車場1號場,4/F,車位P.216 至P.241,3778.59,2
三聖滿漁樓,G/F,走廊,8655.11,2
三聖熟食檔,G/F,走廊,8080.0,2
三聖豐漁樓,G/F,亭舖走廊,698.45,2
建生商場,G/F,消防花灑控制室(3號梯 ),1146.38,2
建生商場,G/F,服務台,14003.0,2
建生商場,G/F,公共區域,630.0,2
祥華商場,2/F,ST1 梯內,14771.95,2
祥華B停車場,G/F,電錶房,128225.68,2
翠灣停車場,G/F,私家車車位 1 至 6,2200.0,2
三聖商場,2/F,走廊,17164.0,2
樂富廣場B區,G/F,消防控制室,11703.84,2
天耀廣場,LG1/F,出入口(近LG14號舖),6435.37,2
TQS辦公大樓2座,6樓,1號後梯風櫃房,53187.66,2
UNKNOWN,G/F,16車位,6203.33,2
UNKNOWN,G/F,更亭,8680.0,2
三聖商場,1/F,升降機大堂,3916.23,2
樂富廣場B區,3/F,後巷,18580.0,2
樂富廣場B區,G/F,上落貨區,3300.0,2
TTS - CPA,8樓,,318.56,2
TTS - CPA車場,3樓,繳費處,1757.21,2
Tong Ming,G/F,1 號舖位,44089.84,2
啟田A停車場,3/F,車路,3265.11,2
康瑞停車場,R/F,消防泵房,7606.62,2
愛民廣場,G/F,戶外範圍(G37AB對出),3800.0,2
啟田B停車場,G/F,出入口閘機(大閘),7850.77,2
和明停車場,1/F,1號升降機,1300.0,2
和明停車場,1/F,車位105至107,700.0,2
和明停車場,1/F,車位146至147,5517.27,2
長發廣場,G/F,總電掣房 (外圍面向俊發樓),2507.7,2
啟田B停車場,G/F,升降機大堂(L6L7),1345.17,2
朗屏E停車場,G/F,大閘出入口更亭1,32630.1,2
平田2期停車場,2/F,車位1至10,6246.76,2
啟田商場舊翼,1/F,P02號快閃店 (SH123),11223.0,2
興東商埸,G/F,公共區域全層,7382.0,2
樂富廣場A區,3/F,風櫃房(6梯),21719.1,2
啟田商場舊翼,2/F,洗手間(洗水房),19178.0,2
小西灣廣場,5/F,商場天台(近506),5310.0,2
平田商場,1/F,101舖前門通道,8080.0,2
啟田商場C1,3F,314 號舖位,17277.89,2
平田商場,G/F,商場正門前通道,21062.29,2
廣福停車場,G/F,車位121至133,3300.0,2
元州商場,G/F,總電掣房,7369.36,2
建生商場,1/F,服務台,860.0,2
樂富廣場A區12梯樂富園廁所上,1/F,ob1,5800.0,2
長發廣場,R/F,樓梯 (6號梯),7350.0,2
盈福苑停車場1號梯,7/F,,19633.32,2
UNKNOWN,G/F,107車位,72242.63,2
祥華廣場C1,3F,L302 號舖位,1624.48,1
海富停車場有蓋車場,G/F,1至27號車位,37899.87,1
祥華商場,R/F,消防泵房 (天台),17491.02,1
祥華商場,R/F,,1989.4,1
漁安停車場,G/F,1/F 出入口閘機,2200.0,1
海富商場,3/F,公共區域,6300.0,1
海富商場,G/F,士多房1(往海裕閣通道),10402.0,1
海富商場,MR/F,發電機房,1704.02,1
海富商場,G/F,總電掣房,2880.0,1
祥華A停車場,LG/F,設施房,23397.17,1
祥華A停車場,G/F,露天車位10至18,6600.0,1
祥華商場,2/F,樓梯中間花槽,4681.82,1
祥華B停車場,G/F,更亭,1146.38,1
頌安商場,G/F,儲物室 (近3號樓梯),980.0,1
逸東3號停車場,5/F,停車場公共區域,17600.0,1
逸東1號停車場,R/F,1號樓梯,8800.0,1
逸東2號停車場,2/F,停車場公共區域,29800.0,1
逸東2號停車場,4/F,450至454號車位,7539.68,1
逸東2號停車場,G/F,停車場辦公區域,3139.68,1
逸東2號停車場,5/F,494至497號車位,3318.73,1
長安停車場 (一期),3/F,停車場公共區域,6825.0,1
長發停車場,1/F,車位1024至1030,4950.0,1
黃大仙中心北館,P/F,風櫃房4號,1364.86,1
黃大仙中心北館,P/F,鮮風房1號,1364.86,1
黃大仙中心北館,R/F,公共區域,3864.1,1
黃大仙中心北館,1/F,風櫃房9號,1138.8,1
黃大仙中心北館,3/F,停車場繳費處,3495.31,1
黃大仙中心北館,G/F,公共區域,17199.0,1
黃大仙中心南館,UG/F,UG13側SD77防煙門,1994.06,1
黃大仙中心南館,UG/F,風櫃房,1466.4,1
黃大仙中心南館停車場CPA,2/F,4號梯,758.58,1
黃大仙中心南館停車場CPA,4/F,2號梯,37948.7,1
黃大仙中心南館停車場CPA,G/F,2號梯,13274.92,1
黃大仙中心南館,G/F,女洗手間,2200.0,1
黃大仙中心南館,G/F,戶外範圍,3656.02,1
黃大仙中心南館,G/F,污水缸房(3號),2200.0,1
黃大仙中心南館,G/F,風櫃房,544.79,1
黃大仙中心南館,LG/F,公共區域清潔大做,11884.84,1
黃大仙中心南館,LG/F,導管房(2號),4950.0,1
鯉魚門廣場C1,LG,LG1 號舖位,6879.39,1
鳳德A停車場,1/F,車位P1001至P1009,4761.04,1
鳳德A停車場,1/F,車位P1074至P1090,32657.99,1
鯉魚門廣場,G/F,街市上落貨區通道,5515.42,1
黃大仙中心北館,1/F,會議室,2645.0,1
高怡停車場,G/F,車位 17 - 18,777.5,1
鯉魚門廣場,2/F,空調控制室,16444.0,1
鳳禮停車場,1/F,電線房,10184.37,1
鳳德商場,R/F,冷凍房1號,11500.0,1
麗安停車場,G/F,電制房,1169.76,1
鳳德商場,G/F,電錶房1,14016.34,1
鳳德商場,G/F,消防花灑總掣房,12505.3,1
鳳德B停車場,G/F,電錶房,695.0,1
鳳德商場,2/F,防火閘(FSH1),69181.88,1
逸東1號停車場,G/F,貨車位31至36號車位,9757.39,1
美林停車場,1/F,繳費處,1757.21,1
竹園廣場,4/F,水缸房,808.63,1
竹園廣場,3/F,"升降機大堂(L1,L2)",8665.88,1
竹園廣場,3/F,平台 (水溫房) 外花圃,1466.4,1
竹園廣場,3/F,平台3(連接ST1樓梯及ST3樓梯),17465.71,1
竹園廣場,3/F,花槽,9316.7,1
竹園廣場,4/F,控制室,1479.29,1
竹園廣場,G/F,後巷(近S012-013),725.34,1
竹園廣場,G/F,樓梯(ST3),52288.71,1
美利樓,G/F,1號升降機大堂,3300.0,1
翠屏(北)停車場2號場,G/F,出入口閘機,4257.0,1
翠屏(南)停車場,1/F,私家車車位G009至G017,3265.11,1
翠屏(南)停車場,3/F,私家車車位M038至M046,1041.13,1
翠屏(南)停車場,3/F,私家車車位M074至M079,651.16,1
翠屏(南)停車場,G/F,總電掣房,5518.67,1
翠屏(北)停車場1號場,3/F,車位P.171 至P.208,7571.35,1
翠灣車場,G/F,,1256.61,1
翠屏(北)停車場2號場,G/F,,2585.61,1
翠屏(北)停車場1號場,1/F,電錶房,5495.99,1
禾輋廣場E區,3/F,ST-1梯防煙門外,11389.15,1
竹園廣場,2/F,"升降機大堂(L1,L2)",2366.64,1
竹園廣場,2/F,男廁尿兜,2553.38,1
賢麗商場,G/F,發電機房,4278.99,1
華荔停車場,1/F,162至167車位,11927.75,1
華荔停車場,3/F,382至384車位,3769.84,1
華荔停車場,G/F,1號樓梯,2200.0,1
華荔停車場,G/F,電單車位 10至14號,10442.7,1
蝴蝶停車場,1/F,二號樓梯,3841.49,1
逸東1號停車場,G/F,停車場公共區域,2200.0,1
赤柱廣場C1,1F,TK,6493.13,1
興東停車場,LG3/F,車位3027至3034,3300.0,1
興東商埸,G/F,水錶房(G03),4817.36,1
興華停車場,1/F,設施房,9841.36,1
興東停車場,LG1/F,貨車位101-110,2200.0,1
耀東停車場 (CP1),1/F,出入口閘機,2200.0,1
耀東停車場 (CP1),2/F,樓梯(ST1),4995.82,1
耀東停車場 (CP2),1/F,水泵房,11459.51,1
耀東停車場 (CP2),6/F,車位B268至B273,5402.59,1
良景廣場L,1樓,梯(ST11),865.0,1
良景停車場 (CP),2/F,,1757.21,1
良景停車場 (CP),1/F,,11841.9,1
唐明停車場,R/F,水泵房1,389.6,1
唐明停車場,G/F,消防控制室,4210.86,1
唐明停車場,G/F,更亭1,1217.28,1
唐明停車場,G/F,升降機大堂(L1),4400.0,1
唐明停車場,4/F,車位216至226,3265.11,1
唐明停車場,2/F,水泵房,27131.19,1
和明停車場,G/F,車路,4400.0,1
和明停車場,G/F,總電錶房,3585.7,1
啟田A停車場,3/F,車位21至40,9795.34,1
啟田A停車場,G/F,出入口,12016.89,1
啟田商場C1,1F,116 號其他單位,23260.16,1
啟田B停車場,G/F,消防控制室,19390.77,1
南昌薈商場,G/F,室外簷篷(西邨路),2200.0,1
南昌薈商場,G/F,消防控制室,2510.0,1
啟田商場舊翼,G/F,火牛房D,14105.87,1
啟田商場舊翼,2/F,風櫃房 (技工房對出),23840.0,1
啟田商場新翼,3/F,通道(商場) -  L336號舖對出,18200.0,1
啟田商場新翼,3/F,管道房4 (ST-4號梯旁),2120.0,1
啟田商場新翼,3/F,水錶房 (女洗手間對出),2172.26,1
啟田商場新翼,2/F,風櫃房2 (ST-5號梯旁),8080.0,1
啟田商場舊翼,2/F,通道(後走廊 - 5號梯內側),4346.48,1
啟田商場新翼,G/F,通道(後走廊) -  1號梯內側,3300.0,1
大元商場新翼,G/F,外圍花圃(近S4C),8287.65,1
三聖豐漁樓,G/F,細舖 電錶房 (近7號榮興),3197.24,1
三聖商場,G/F,電錶房 (近權記),6557.04,1
三聖商場,G/F,走廊,3000.0,1
Tong Ming,G/F,KG01 號其他單位,5226.25,1
Tong Ming,G/F,GF 號其他單位,35896.97,1
何文田商場C1,2F,223 號舖位,19834.1,1
元州商場,1/F,,12712.44,1
元州停車場停車場,1/F,一號樓梯,16555.52,1
元州停車場,G/F,總電制房,2770.0,1
健明A停車場,M/F,車路,4400.0,1
健明A停車場,G/F,貨車位LG19至LG35,1041.13,1
健明A停車場,G/F,停車場辦事處,1989.4,1
元州商場,G/F,,24725.0,1
元州商場,UR/F,客用升降機機房,6750.0,1
何文田廣場,3/F,,25336.28,1
何文田商場C1,3F,322 號舖位,62299.44,1
健明A停車場,1/F,電錶房14,697.7,1
何文田街市,G/F,物業辦公區域,554.84,1
何文田廣場,G/F,,9360.0,1
大元商場新翼,G/F,外圍花圃(近E1扶手梯側),4880.0,1
大元商場新翼,G/F,外圍花圃(近上落貨區側),17600.0,1
天盛街市,G/F,一期水錶房(W01),860.0,1
天盛商場,R/F,電掣房,22638.0,1
天盛商場,R/F,發電機房,7614.84,1
天盛商場,R/F,消防花灑水缸及泵房,11296.0,1
天耀停車場,LG,上落貨區車位7至9,4180.0,1
天盛停車場,3/F,私家車車位3187-3193,1757.21,1
天盛停車場,2/F,風櫃房2-2 (2190車位),2725.81,1
天盛停車場,2/F,私家車車位2154-2165,3192.03,1
天盛停車場,1樓,全層,48764.74,1
天盛商場,1/F,往女廁通道,98536.2,1
天耀廣場,G/F,樓梯(ST18),7926.52,1
富善停車場,1/F,繳費處,1330.11,1
富亨商場,R/F,散熱機房,1121.81,1
天耀廣場,R/F,洗地水缸,7252.35,1
天耀廣場C1,1F,112 號其他單位,29841.64,1
天耀廣場,LG1/F,垃圾房,2400.0,1
天耀廣場C1,1F,1 號網球場,2348.09,1
天耀廣場C1,1F,AHU1 號其他單位,11000.0,1
宏福停車場,G/F,設施房,13185.96,1
宏福停車場,G/F,升降機大堂,16124.9,1
宏福停車場,2/F,車位310-321,19647.25,1
天耀車場停車場LG,2樓,全層,8643.49,1
天悅停車場,2樓,1號樓梯,80.01,1
天宏停車場P1,1/F,電錶房,1250.53,1
天佑停車場,2/F,車位 216-219,11035.31,1
天慈停車場,G/F,水錶房1,3508.05,1
天慈商場,G/F,後巷(1C舖),41648.21,1
天慈商場,G/F,出入口(1C舖對出),3800.0,1
天慈商場,1/F,樓梯(ST2),6840.95,1
天慈商場,1/F,商場走廊(洗手間對出),306.6,1
大興酒廈,G/F,消防控制房,10361.52,1
天瑞商場停車場,M/F,辦事處對出消防喉轆,471.86,1
大興商場1期,1/F,SH54 側牆身 (巡邏點),7654.84,1
大興商場1期,1/F,A橋,6359.76,1
大元商場新翼,G/F,總電掣房(1號掣房),11600.0,1
大興商場1期,G/F,SH17-18 門口側去水喉邊(巡邏點),4374.83,1
大興街市,G/F,技工房門口側消防入水掣內(巡邏點),5299.8,1
大興街市,G/F,SS35 對出柱身(巡邏點),46683.91,1
大興商場2期,G/F,展銷場,7631.71,1
大興商場2期,1/F,傷健廁,9218.66,1
大興商場1期,G/F,樓梯 (近熟食檔),153.3,1
天慈商場,R/F,消防花灑水缸及泵房,1278.36,1
天瑞商場,G/F,G8後門樓梯側牆身,2480.0,1
天瑞內場,2樓,私家車車位P008-P015,10808.52,1
天瑞商場,G/F,樓梯(ST2),1890.44,1
天瑞商場C1,1F,L102 號舖位,7570.83,1
天瑞商場,G/F,消防總控制室,4434.45,1
天瑞內場,1樓,士多房,2340.0,1
天澤商場,2/F,電訊房,4598.7,1
天澤商場,2/F,防火閘,1570.38,1
天澤商場,1/F,風櫃房(近5梯),844.66,1
天澤商場,R/F,設施房,737.35,1
天澤商場,G/F,水泵房,15429.96,1
TKO Gateway停車場(東翼),1/F,電錶房(E12),1719.42,1
TKO Gateway停車場(西翼),G/F,上落貨區車位,2200.0,1
TKO Gateway停車場(西翼),5/F,車位A519至A539,11273.81,1
TKO Gateway停車場(西翼),3/F,車位A317至A334,780.74,1
TKO Gateway停車場(西翼),2/F,電錶房(W21),3438.84,1
T.O.P,4/F,(近409號舖)入ST-1梯臨時庇護處,8338.19,1
T Town商場南,R/F,發電機房,8566.7,1
T.O.P,5/F,後備發電機房,2990.0,1
TKO Gateway商場,1/F,E151 號舖位,697.7,1
TKO Gateway商場,1/F,E167 號舖位,2626.54,1
TKO Gateway商場西翼,G/F,風櫃房(WG2),13865.29,1
TKO Gateway商場西翼,G/F,電錶房(WG1),134.44,1
TKO Gateway商場西翼,G/F,戶外範圍(斜路走廊-幼稚園),9056.71,1
TKO Gateway商場西翼,2/F,走廊,3372.42,1
TKO SPOT A停車場,2/F,車位101至120,6535.08,1
TKO SPOT A停車場,1/F,車位41至60,10576.08,1
TKO Gateway街市,G/F,風櫃(07N),7179.7,1
TKO Gateway街市,G/F,電錶房(MK1),18667.87,1
TKO Gateway商場西翼,1/F,水錶房(W11),2597.86,1
TKO Gateway商場東翼,G/F,風櫃房(EG1),8903.39,1
TKO Gateway商場,G/F,E041 號舖位,3841.45,1
TKO Gateway商場,1/F,W116 號舖位,7802.41,1
TKO Gateway商場,1/F,W104 號舖位,934.64,1
TKO Gateway商場,1/F,E175 號舖位,4560.31,1
TKO Gateway商場,G/F,W003 號舖位,6637.13,1
TKO Gateway商場東翼,G/F,電錶房(EG1),284625.0,1
TKO Gateway商場(西翼),R/F,洗地水缸,6024.78,1
Po Lam Shopping Centre商場二期,3/F,男廁尿兜,2780.0,1
Po Lam商場,G/F,108 號其他單位,4974.32,1
Po Lam商場,G/F,101 號舖位,12414.23,1
Lok Fu廣場C1,2F,1112 號舖位,39824.81,1
Oi Man廣場C1,2F,S2 號舖位,10809.43,1
Oi Man廣場C1,2F,S1 號舖位,39564.97,1
Oi Man廣場C1,1F,F13C號舖位,1942.52,1
T Town南車場,3/F,(花槽),761.48,1
T Town南車場,3/F,物業辦公區域,14700.0,1
T Town商場南,1/F,風櫃房B號 (ST7),1395.39,1
T Town商場南,1/F,樓梯(ST4),664.79,1
T Town商場南,G/F,水泵房(ST8外),62376.3,1
T Town商場南,G/F,出入口(D5D6近A場左邊),41990.18,1
T Town商場北,R/F,發電機房,6662.99,1
T Town商場北,2/F,後巷 (N212舖後門),664.79,1
T Town商場北,2/F,樓梯(ST1),17856.97,1
T Town商場北,R/F,樓梯(ST1),1794.82,1
T Town商場北,2/F,風櫃房B號 (ST13A),4880.4,1
TKO SPOT A停車場,2/F,車位1至20,4045.86,1
TQS辦公大樓1座,3樓,3號後梯油缸房(近風櫃房),19831.38,1
TQS辦公大樓2座,19樓,1號後梯風櫃房,77835.6,1
TKO SPOT A停車場,3/F,車位1至20,766.49,1
TKO Spot商場,G/F,電錶房GB,1719.42,1
TKO Spot商場,2/F,水錶房C2B,20573.53,1
TKO SPOT B停車場,1/F,車位61至80,3265.11,1
TKO SPOT A停車場,G/F,貨車位1至25,10602.4,1
TKO SPOT A停車場,G/F,出入口閘機,10380.49,1
TKO Spot商場,2/F,傷健廁3號廁格,4211.0,1
TKO Spot,G/F,街市 M105 號檔位,53558.46,1
TQS辦公大樓1座,15樓,3號後梯電話機房,77835.6,1
TQS辦公大樓1座,12樓,4號後梯風櫃房,29004.99,1
TQS商場2座,1樓,洗水房,11521.77,1
愛民廣場,G/F,扶手電梯 (3號),5035.0,1
慈雲山中心,1/F,行人天橋 (向毓華街),5300.0,1
慈樂2期停車場,2樓,車位201,12249.22,1
愛東商場,G/F,風櫃房,5152.75,1
愛東商場,G/F,設施房,725.34,1
愛東商場,G/F,總電制房,3908.0,1
愛民停車場(B區),2/F,電錶房,3850.93,1
愛民廣場,1/F,電錶房 (1-3),4746.37,1
慈雲山中心,2/F,樓梯(ST32),3590.0,1
新圍停車場 (CP),1/F,低層,9502.82,1
新圍停車場,G/F,車位B34至B36,2800.0,1
慈雲山中心P2,6F,PS,7855.49,1
慈雲山中心P1,3F,BS,31844.67,1
慈雲山中心M1,5F,AW,7112.2,1
慈雲山中心C1,3F,NV,107290.52,1
慈雲山中心C1,3F,BS,31241.6,1
慈雲山中心BT,6F,PS,6600.63,1
慈雲山中心,G/F,出入口(往毓華街),19880.0,1
慈雲山中心,8/F,消防花灑水缸及泵房,3599.75,1
慈雲山中心,8/F,冷氣泵房,1466.4,1
慈雲山中心,3/F,商場走廊(巴士站向慈民邨方向),15952.61,1
慈雲山中心,3/F,電錶房13號,1747.65,1
慈雲山中心,2/F,風櫃房1號,218.35,1
慈雲山中心,7/F,樓梯(ST21),5797.8,1
慈雲山中心,7/F,儲物室26號,19498.63,1
慈雲山中心,6/F,風櫃房21號,218.92,1
德田A停車場,4/F,樓梯(ST2),320.06,1
德田A停車場,4/F,樓梯(ST1),318.56,1
愛東商埸C1,1F,BZ,10043.06,1
愛東停車場,G/F,上落貨區車位,4816.66,1
樂富廣場B區,4/F,風櫃房 (近冷氣掣房),15354.56,1
樂富廣場B區,4/F,冷氣控制室 (Plant C),7000.0,1
樂富廣場B區,4/F,L3-4升降機機房,5826.61,1
樂富廣場B區,2/F,風櫃房(近客𨋢堂),875.69,1
樂富邨停車場CPG,1/F,車位P25至P40,6637.46,1
樂富廣場B區,UG2/F,防火閘,12277.66,1
樂富廣場B區,UG2/F,臨時展銷場地,2197.12,1
樂富廣場B區,UG1/F,風櫃房(近女廁),4201.2,1
樂富廣場A區,4/F,儲物房 (15梯側),17940.0,1
樂富廣場A區,3/F,外圍聯合道ST27梯內,19513.13,1
樂富廣場A區,3/F,ST4梯風櫃房門口外,24407.88,1
樂富廣場B區,1/F,臨時展銷場地,7511.18,1
樂富廣場A區,UG2/F,(樂富園)男廁其他設施位置,3300.0,1
樂富廣場A區,UG1/F,後巷,10975.31,1
欣明停車場,G/F,3號摟梯,4400.0,1
樂富廣場A區,3/F,(醫生村)男廁2其他設施位置,6115.2,1
朗屏商場,2/F,電線槽房(近客用升降機L25&L26),47252.04,1
朗屏商場,G/F,巴士站外圍(近ST5),19006.08,1
朗屏D停車場,G/F,大閘出入口閘機,4361.57,1
朗屏A停車場,G/F,大閘出入口更亭,12585.24,1
朗屏B停車場,LG/F,車位124至125,8602.65,1
樂富廣場A區,1/F,電制房 (美食坊20梯),12272.4,1
樂富廣場A區,1/F,近1157號鋪 9號梯外,942.94,1
樂富廣場A區,2/F,電錶房(14梯),7768.18,1
東頭2邨A停車場CPA,G/F,車位P139至P153,1256.61,1
東頭2邨A停車場CPA,G/F,一號樓梯,5047.86,1
東頭2邨A停車場CPA,1/F,車位P229至P234,4575.35,1
樂富UNY停車場CPA,G/F,24號樓梯,2200.0,1
樂富UNY停車場CPA,1/F,27號樓梯,2200.0,1
平田2期停車場,G/F,出入口閘機,1544.48,1
平田商場,G/F,總電制房,5373.94,1
康逸停車場,1/F,消防控制室,14537.23,1
康瑞停車場,1/F,1號摟梯,2200.0,1
康強苑停車場P1 1號,G/F,樓梯,1580.54,1
康強苑停車場P1,G/F,出入口閘機,4299.57,1
平田2期停車場,8/F,車位1至10,318.56,1
寶珮停車場,G/F,私家車車位G001至G022,9795.34,1
平田2期停車場,2/F,車位11至18,1041.13,1
小西灣廣場,2/F,電錶房 (L56大堂),2306.61,1
小西灣一期停車場,1/F,及 2/F  設施房,1747.65,1
平田2期停車場,1/F,車位1至10,9795.34,1
小西灣廣場,G/F,電掣房 (G06),6890.0,1
小西灣廣場,G/F,總電掣房 (G03),17669.6,1
小西灣廣場,G/F,消防控制室,761.23,1
建生商場,1/F,走廊(109號舖後門),1752.26,1
建生商場,G/F,總電錶房(近卸貨區),860.0,1
廣福停車場,G/F,電單車位M31至44,2821.22,1
寶珮停車場,G/F,四號樓梯,2200.0,1
富東廣場,G/F,出入口(G/F電梯大堂往1/F),66263.92,1
富東A停車場,2/F,2018至2022車位,9956.19,1
富東A停車場,1/F,車位,8680.0,1
富善街市,G/F,水錶籠(近男廁),7940.89,1
富東A停車場,1/F,消防泵房,3884.13,1
富善商場BT,1F,SH,2535.86,1
富泰停車場,1/F,11號樓梯,1146.38,1
寧峰停車場,G/F,升降機大堂內,4350.61,1
富泰商場,G/F,中庭,2700.0,1
寧峰停車場,LG1/F,消防控制房,545.02,1
寶林停車場,G/F,車位P1043至P1053,8091.71,1
寧峰停車場,LG3/F,8至14車位,1747.65,1
富泰停車場,G/F,導管房,155.54,1
富泰停車場,3/F,10號樓梯,2599.35,1
富泰商場,1/F,出入口(位於設施大樓升降機大堂),2373.07,1
彩明商場一期,3/F,後巷,9682.35,1
彩明商場一期,G/F,水泵房1-2,3625.78,1
彩明停車場 (CP2),6/F,2號梯,1455.22,1
彩明停車場 (CP2),1/F,車位23至27,9795.34,1
彩明停車場 (CP2),1/F,車位19至22,7533.69,1
彩明停車場 (CP1),G/F,車位69至70,9795.34,1
彩明停車場 (CP1),G/F,內閘出入口閘機,8680.0,1
彩明停車場 (CP1),B/F,樓梯(ST7),697.7,1
彩明商場(擴展部份),G/F,250 號舖位,10311.68,1
彩明商場,3/F,310 號舖位,6290.29,1
彩明停車場 (CP2),R/F,消防泵房,49585.87,1
彩雲商場二期,4/F,升降機大堂(L24),6560.9,1
彩雲商場二期,4/F,冷氣導管房,7312.16,1
彩雲商場二期,3/F,風櫃房,1274.0,1
彩明商場二期,LG/F,(巴士站)後巷,2200.0,1
彩雲A停車場,1/F,#1號梯,15064.78,1
彩明商場二期,G/F,(商場層)戶外範圍(健暉樓),9010.87,1
彩雲B停車場,2/F,#1號梯,7629.42,1
彩雲B停車場,G/F,#1號梯,7421.43,1
彩雲A停車場,G/F,#1號梯,8800.0,1
彌敦道700號辦公大樓,19樓,冷氣機房2 (近男洗手間),11221.86,1
彌敦道700號辦公大樓,12樓,電錶房A (近L4),13363.09,1
彩園廣場,3/F,電制房 (美食電房),6454.07,1
彩園廣場,R/F,公共區域,7700.0,1
彩園C停車場,G/F,車位34至47,9816.0,1
彩園B停車場,G/F,電單車位M1至6,2375.91,1
彩園B停車場,G/F,車位134至139,2375.91,1
彩園B停車場,G/F,車位101至108,2200.0,1
彩園A停車場,G/F,車位20至25,2488.06,1
